{"cameraMode":{"drawMode":0,"name":"Shaded","section":"Shading Mode"},"sceneLighting":true,"audioPlay":false,"sceneViewState":{"showFog":true,"showMaterialUpdate":false,"showSkybox":true,"showFlares":true,"showImageEffects":true,"showParticleSystems":true},"in2DMode":false,"pivot":{"x":0.03882253170013428,"y":0.1575954109430313,"z":0.02239781618118286},"rotation":{"x":-0.05975022166967392,"y":-0.3285010755062103,"z":0.02080419287085533,"w":-0.9424152970314026},"size":1.1059792041778565,"orthographic":false}