{"cameraMode":{"drawMode":0,"name":"Shaded","section":"Shading Mode"},"sceneLighting":true,"audioPlay":false,"sceneViewState":{"showFog":true,"showMaterialUpdate":false,"showSkybox":true,"showFlares":true,"showImageEffects":true,"showParticleSystems":true},"in2DMode":false,"pivot":{"x":-1.1831583976745606,"y":1.8417292833328248,"z":4.045135498046875},"rotation":{"x":-0.0636100247502327,"y":0.4730035960674286,"z":-0.03425516560673714,"w":-0.8781048059463501},"size":5.705204963684082,"orthographic":false}